Phương pháp,1,3,5,8+
SD + ControlNet (mô hình nền),95.8 / 0.21,63.6 / 1.82,73.0 / 2.20,40.1 / 5.33
SD + T2I-Adapter,91.7 / 0.54,57.6 / 2.18,64.0 / 2.25,41.1 / 6.22
GLIGEN (hộp + văn bản),100.0 / 0.04,72.7 / 1.36,74.0 / 1.75,47.8 / 6.44
ControlNet + chú ý vùng (kiểu DenseDiffusion),95.8 / 0.29,62.1 / 2.45,72.0 / 2.20,39.4 / 6.28
ControlNet + năng lượng chú ý (kiểu BoxDiff/A&E),91.7 / 0.25,74.2 / 1.95,75.0 / 1.95,44.4 / 7.78
ControlNet + chọn tốt nhất trong 3 (cùng bộ kiểm tra),95.8 / 0.17,68.2 / 2.18,76.0 / 1.50,45.8 / 5.67
Zhang et al. (2025) - cài đặt lại,75.0 / 0.92,51.5 / 1.68,37.0 / 3.85,19.0 / 6.56
OCSD-lite (không học định danh),87.5 / 0.50,71.2 / 1.05,59.0 / 2.55,53.1 / 4.56
OCSD (đề xuất),79.2 / 0.42,72.7 / 0.91,50.0 / 2.75,47.2 / 5.33
