method,complexity,n_scenes,opr,opr_lo,opr_hi,oce,oce_lo,oce_hi,oce_c,oce_c_lo,oce_c_hi,count_acc,count_acc_lo,count_acc_hi,miou,miou_lo,miou_hi,ra,ra_lo,ra_hi,clip,clip_lo,clip_hi,obj_clip,obj_clip_lo,obj_clip_hi,id_sim,id_sim_lo,id_sim_hi
cn_energy,complex,12,0.6767361111111111,0.5246527777777777,0.8184722222222219,2.0833333333333335,0.9166666666666666,3.4166666666666665,3.0,1.4583333333333333,4.583333333333333,0.25,0.08333333333333333,0.4583333333333333,0.441351317146812,0.32550227440203366,0.5615449248614162,0.38445323352369193,0.18951789470825972,0.5847341993077348,27.38347379366557,25.380144904057186,29.272784040371576,23.354909896850586,22.181172178188962,24.536515208085376,,,
cn_energy,medium,12,0.7262731481481483,0.5712962962962963,0.8722222222222222,1.4583333333333333,0.625,2.3333333333333335,2.5416666666666665,0.9583333333333334,4.376041666666661,0.375,0.16666666666666666,0.625,0.5269651245403498,0.384867414813279,0.6672400964046051,0.5086979325264618,0.2740731059189937,0.7526390821077928,27.97497312227885,26.250783628225328,29.626318651437757,24.628600517908733,23.359300738573076,26.092205558220545,,,
cn_energy,simple,12,0.7130787037037036,0.5786834490740741,0.8427083333333334,2.2083333333333335,0.5416666666666666,5.125,3.625,1.0416666666666667,7.584374999999994,0.2916666666666667,0.08333333333333333,0.5416666666666666,0.5185466430193256,0.3808947805667535,0.648311660306052,0.37683651322481854,0.21765572390572388,0.5422944652397994,28.756565650304157,26.885569729407628,30.571046547094983,24.684213717778523,23.11403559645017,26.432336127758024,,,
cn_region,complex,12,0.5887731481481481,0.42553530092592595,0.7638888888888888,2.375,0.9583333333333334,4.25,3.375,1.75,5.126041666666661,0.20833333333333334,0.0,0.4583333333333333,0.4218571820508183,0.30235094047488204,0.5541502681481144,0.19630798648625472,0.09382753611382642,0.3143638743118794,26.94818377494812,25.530085378885268,28.225831403334933,22.798918962478638,21.36952650944392,24.18587705095609,,,
cn_region,medium,12,0.7342592592592593,0.5582870370370371,0.8916666666666666,1.6666666666666667,0.5833333333333334,2.9166666666666665,2.25,0.8333333333333334,3.8343749999999943,0.4166666666666667,0.16666666666666666,0.6666666666666666,0.5315146702697714,0.38191255067312313,0.6796228173653334,0.5548033755356767,0.28456143818301505,0.8251028806584362,26.902870257695515,25.30979010462761,28.536176993449526,23.897642532984417,22.41232957243919,25.512227571010587,,,
cn_region,simple,12,0.7167824074074075,0.5704861111111111,0.85,1.0416666666666667,0.625,1.5,2.9583333333333335,1.1666666666666667,5.0,0.25,0.08333333333333333,0.4583333333333333,0.5697711886891014,0.43050653734774075,0.6973262249498008,0.38915785590330404,0.2120580808080808,0.5604015360352892,28.429062445958454,26.38655144572258,30.63189243475596,23.975557804107666,22.45818033218384,25.48293774922689,,,
controlnet,complex,12,0.6231481481481481,0.46432870370370377,0.7777777777777777,1.4583333333333333,0.7083333333333334,2.375,2.625,1.5833333333333333,3.7083333333333335,0.20833333333333334,0.0,0.4583333333333333,0.4420290799390684,0.314114713361673,0.5764204280197988,0.2592573299491805,0.14317988887173944,0.3620030918980408,27.190810124079388,25.251672252019247,28.904739660024642,22.464709997177124,21.230172153313955,23.810213047266007,,,
controlnet,medium,12,0.7440972222222223,0.5736660879629629,0.8925925925925925,1.25,0.4166666666666667,2.3333333333333335,2.4166666666666665,0.875,4.167708333333328,0.3333333333333333,0.08333333333333333,0.5833333333333334,0.5699691185235509,0.4173283576520565,0.7065923662695027,0.5672525685324573,0.32196410327187097,0.8090677176031864,27.693278630574543,26.29665080110232,29.106961725155514,24.205029169718426,22.96747246980667,25.604190870126086,,,
controlnet,simple,12,0.6560185185185184,0.5148148148148148,0.7888888888888889,1.1666666666666667,0.7083333333333334,1.625,2.3333333333333335,1.2083333333333333,3.5833333333333335,0.20833333333333334,0.0,0.4583333333333333,0.5172086559239255,0.3799829350762408,0.645408237291107,0.2728862504597799,0.16046615047534166,0.3878908040488922,28.75365177790324,26.66865862409274,30.815612892309826,23.875577131907146,22.41982325911522,25.388439255952832,,,
controlnet_bo3,complex,12,0.6784722222222221,0.5208159722222223,0.8166840277777778,1.4166666666666667,0.625,2.5,2.5,1.375,3.7083333333333335,0.25,0.0,0.5,0.48621838040155035,0.3518603897007088,0.6200013288915409,0.3358132113437716,0.17807799093081347,0.48733085488444144,27.392374595006306,25.28092600107193,29.263091111183165,22.934284051259358,21.54835942983627,24.341854689518613,,,
controlnet_bo3,medium,12,0.7181712962962963,0.5301938657407408,0.8802083333333334,1.2083333333333333,0.4166666666666667,2.4166666666666665,2.2916666666666665,0.8333333333333334,3.875,0.375,0.125,0.625,0.5485820788177885,0.39291404725033163,0.6998022910827721,0.5385893612183976,0.2854252344495162,0.7884773662551441,28.02469603220622,26.39803890188535,29.682217947642005,24.13783884048462,22.71000723441442,25.65962509115537,,,
controlnet_bo3,simple,12,0.7077546296296297,0.5805555555555556,0.8275520833333333,0.9583333333333334,0.5416666666666666,1.375,2.625,1.2083333333333333,4.375,0.25,0.041666666666666664,0.4583333333333333,0.5565620884312412,0.4418306865146759,0.6684331289036864,0.35734703603663687,0.21747685185185187,0.5177427863506511,29.065796613693237,27.191551009813946,30.86431891520818,23.780723492304485,22.444422298669814,25.293622102340063,,,
gligen,complex,12,0.7217592592592593,0.5726851851851852,0.8583333333333333,1.0416666666666667,0.3333333333333333,1.8333333333333333,2.4583333333333335,1.0,4.041666666666667,0.375,0.16666666666666666,0.625,0.5514208887248984,0.4302138751749868,0.6769478578872595,0.38685403840327437,0.21893505656451326,0.5736335607775548,28.337523142496746,26.52637902299563,30.06707119941711,23.940925280253094,22.59026512702306,25.335392973820365,,,
gligen,medium,12,0.7924768518518518,0.6296296296296297,0.9406249999999999,0.75,0.125,1.625,2.5,0.6666666666666666,5.001041666666661,0.5416666666666666,0.2916666666666667,0.7916666666666666,0.6096937583610486,0.47100206396235494,0.7412624849229794,0.5661844426826896,0.2984259039939934,0.8329156223893066,28.120485146840412,26.13633745511373,30.517686196168263,24.368379990259807,22.740483609835305,25.89385025302569,,,
gligen,simple,12,0.6721064814814816,0.5580844907407407,0.7944675925925926,0.9583333333333334,0.4166666666666667,1.5,2.4583333333333335,1.25,3.751041666666661,0.3333333333333333,0.125,0.5833333333333334,0.5352111826457491,0.42757238431225486,0.6566004568467726,0.3416968849829494,0.24054337012582808,0.4221394786870977,28.47727568944295,26.312281642357508,30.8835355758667,23.79624279340108,22.259475511312488,25.378694995244345,,,
ocsd,complex,12,0.668287037037037,0.4886342592592593,0.8398263888888888,1.25,0.6666666666666666,1.7916666666666667,2.25,1.0,3.625,0.3333333333333333,0.08333333333333333,0.5833333333333334,0.45410806120206076,0.303691668840214,0.6071117258656458,0.4730861386930996,0.27622651422258804,0.6807456283262734,28.139063835144043,25.845892453193667,30.214254172643024,23.34478775660197,22.50945352713267,24.262555342912673,0.45058963013192016,0.3636436378428092,0.5477407959755509
ocsd,medium,12,0.8281249999999999,0.7114583333333334,0.9361197916666667,1.7083333333333333,0.7916666666666666,2.6666666666666665,1.9583333333333333,0.8333333333333334,3.125,0.3333333333333333,0.125,0.5833333333333334,0.6123282642340531,0.49727915754937896,0.7254848289772897,0.6083207430777469,0.41227874772815026,0.8166739766081871,27.50339476267497,25.88957885702451,29.011353294054665,23.873369455337524,23.182635742425916,24.630623632669447,0.4378558931251367,0.34052433057998616,0.5515730107203126
ocsd,simple,12,0.7645833333333334,0.6441956018518519,0.8738425925925926,0.875,0.4166666666666667,1.4166666666666667,1.5416666666666667,0.665625,2.625,0.4166666666666667,0.20833333333333334,0.625,0.5757483055015898,0.46289192975515536,0.6820326100997577,0.4869942842456848,0.31337557560903145,0.6565031443974894,29.24149266878764,26.982613559563955,31.16011995275815,24.67143162091573,23.77669971783956,25.463604482014976,0.5137076806277037,0.4160393371867637,0.612297243097176
ocsd_lite,complex,12,0.661574074074074,0.4893518518518518,0.8226851851851852,1.5416666666666667,0.7916666666666666,2.2916666666666665,2.2916666666666665,1.25,3.375,0.25,0.041666666666666664,0.5,0.4736484392474918,0.3311358888975468,0.6178081111353497,0.44890120789102106,0.2635545515997553,0.6618549337460625,27.319172541300457,25.372209403912226,29.25991251269976,23.083754618962605,22.102278023958206,24.159740618864696,0.4008619071294864,0.3071261091468235,0.5004978214390576
ocsd_lite,medium,12,0.7557870370370369,0.597199074074074,0.8925925925925925,1.625,0.625,2.8333333333333335,2.0416666666666665,1.0,3.1666666666666665,0.3333333333333333,0.08333333333333333,0.5833333333333334,0.5814526828284856,0.4476940587699923,0.7087471138432756,0.4828836022415628,0.2878820121290882,0.6703678994042224,27.888160785039265,25.288157365719478,29.95972429315249,23.87910771369934,23.152549252907438,24.629332264264423,0.41541767306625843,0.3159349375870078,0.5240035285707562
ocsd_lite,simple,12,0.772337962962963,0.6416464120370371,0.8899768518518516,0.8333333333333334,0.3333333333333333,1.4166666666666667,2.0833333333333335,0.7083333333333334,3.7083333333333335,0.4166666666666667,0.16666666666666666,0.6666666666666666,0.5939660556707532,0.4856752021130002,0.6970773334788928,0.5065426844138329,0.31462038413850385,0.6991418589742292,28.593367020289104,26.574317463239034,30.515672741333642,24.310263713200886,23.42429952820142,25.080417877435682,0.48125087035199005,0.3848384760320187,0.5854961598291993
t2i_adapter,complex,12,0.5623842592592593,0.3989467592592592,0.737037037037037,2.0833333333333335,1.0833333333333333,3.2083333333333335,3.1666666666666665,1.8322916666666667,4.5,0.16666666666666666,0.0,0.375,0.3690886043425572,0.2608468005692546,0.4764589252364954,0.2507027404777829,0.08627692316486883,0.44472809482773396,27.493234316507976,25.830161100625993,29.096478412548702,21.77959370613098,20.33818671107292,23.413011902570727,,,
t2i_adapter,medium,12,0.6835648148148147,0.49302662037037037,0.8548784722222222,1.4583333333333333,0.6666666666666666,2.3333333333333335,2.375,1.0416666666666667,4.041666666666667,0.2916666666666667,0.08333333333333333,0.5416666666666666,0.5514801229396503,0.384666117556665,0.7210492710592397,0.385075409941924,0.1982611520750346,0.5861962676417289,26.02472718556722,23.859569843610128,28.02566772699356,23.392378012339275,22.189704928795496,24.625876905520755,,,
t2i_adapter,simple,12,0.5679398148148148,0.4212818287037036,0.714945023148148,1.4583333333333333,0.6666666666666666,2.4166666666666665,3.125,1.5833333333333333,4.917708333333328,0.20833333333333334,0.041666666666666664,0.375,0.48801237109234924,0.36416256370938327,0.6164452218439564,0.21422865863517127,0.07305592691622104,0.3981288853925408,27.690544366836548,25.46449294090271,29.711252216498053,22.935890038808186,21.50180974404017,24.48711864550908,,,
zhang2025,complex,12,0.3982638888888889,0.21875,0.6038888888888885,2.7083333333333335,1.5416666666666667,3.9583333333333335,3.9583333333333335,2.2916666666666665,5.583333333333333,0.16666666666666666,0.0,0.375,0.21968388807406602,0.10294355952052792,0.35888918391976465,0.09832978911926278,0.02046783625730994,0.18908382066276802,23.717308282852173,22.408182005087532,24.923747086524962,19.716306289037068,18.405512921015422,21.18603759209315,0.28122804306137067,0.1794223866367247,0.39612015343930873
zhang2025,medium,12,0.464699074074074,0.28958333333333336,0.6461834490740741,2.6666666666666665,1.375,4.041666666666667,3.0,1.7083333333333333,4.333333333333333,0.08333333333333333,0.0,0.20833333333333334,0.26575056958210713,0.13509008340582296,0.41603603812515444,0.12572612649463277,0.03513982445397019,0.22847784672078378,24.045899152755737,22.17089058359464,25.754827831188837,20.627528071403503,19.22225442032019,21.93803013364474,0.2729229964315891,0.1713269483220453,0.39172587245702745
zhang2025,simple,12,0.46527777777777785,0.29628472222222224,0.6620370370370371,2.375,1.3333333333333333,3.4166666666666665,3.2916666666666665,1.9989583333333334,4.584374999999994,0.125,0.0,0.3333333333333333,0.26723089727397,0.1480607147535348,0.4134762876910613,0.0791799800728372,0.023637737923452203,0.14454210472067608,23.71523133913676,21.45190710425377,26.003338821729024,19.884891629219055,18.57269533177217,21.228902035951613,0.2728014044308414,0.1885982032166794,0.3667555437791936
