Phương pháp,OPR (%) ↑,OCE-lớp ↓,Đếm đúng (%) ↑,mIoU ↑,RA (%) ↑,CLIP ↑,CLIP-đt ↑,ID-Sim ↑,FID ↓,KID×10³ ↓
SD + ControlNet (mô hình nền),35.4 ± 17.7,2.62 ± 0.91,12.5 ± 15.6,0.306 ± 0.159,10.2 ± 14.3,24.66 ± 1.17,20.67 ± 1.81,–,294.86,3.07
SD + T2I-Adapter,36.5 ± 18.0,2.44 ± 0.88,12.5 ± 15.6,0.297 ± 0.149,10.4 ± 14.1,25.25 ± 0.96,20.34 ± 1.78,–,306.91,5.50
GLIGEN (hộp + văn bản),53.5 ± 19.9,1.88 ± 0.91,31.2 ± 21.9,0.458 ± 0.172,25.4 ± 20.7,24.63 ± 2.21,22.30 ± 2.17,–,282.89,5.61
ControlNet + chú ý vùng (kiểu DenseDiffusion),37.5 ± 19.0,2.25 ± 0.81,12.5 ± 15.6,0.315 ± 0.163,14.0 ± 18.0,23.91 ± 1.51,20.97 ± 1.86,–,301.29,4.03
ControlNet + năng lượng chú ý (kiểu BoxDiff/A&E),38.0 ± 18.5,2.31 ± 0.88,12.5 ± 15.6,0.301 ± 0.155,13.0 ± 15.6,22.72 ± 1.46,21.13 ± 2.13,–,313.15,**2.92**
ControlNet + chọn tốt nhất trong 3 (cùng bộ kiểm tra),33.9 ± 18.0,2.62 ± 0.91,12.5 ± 15.6,0.293 ± 0.165,9.7 ± 13.4,**25.45 ± 1.18**,20.96 ± 1.84,–,292.59,6.78
"ControlNet, best of N (same check, compute-matched)",35.9 ± 18.8,2.38 ± 0.84,12.5 ± 15.6,0.312 ± 0.167,12.0 ± 15.4,25.37 ± 1.08,20.88 ± 1.89,–,304.79,6.84
"GLIGEN, best of N (same check, compute-matched)",**58.7 ± 21.1**,**1.44 ± 0.91**,**43.8 ± 25.0**,**0.501 ± 0.184**,**37.8 ± 26.5**,24.05 ± 2.29,22.12 ± 2.22,–,**282.64**,3.04
Collage: M2 objects pasted + SDEdit,52.5 ± 17.9,2.06 ± 0.88,12.5 ± 15.6,0.414 ± 0.158,17.9 ± 17.7,23.19 ± 1.66,22.45 ± 1.38,0.509 ± 0.077,286.37,12.29
"Collage, best of 3 (same check)",56.6 ± 18.8,1.94 ± 0.97,18.8 ± 18.8,0.452 ± 0.168,28.1 ± 22.7,23.20 ± 1.61,**22.51 ± 1.41**,**0.518 ± 0.073**,285.42,12.99
Zhang et al. (2025) - cài đặt lại,40.0 ± 17.9,2.06 ± 0.78,12.5 ± 15.6,0.313 ± 0.157,21.1 ± 21.0,19.56 ± 2.32,21.88 ± 1.03,0.417 ± 0.060,324.65,37.33
OCSD-lite (không học định danh),52.5 ± 18.4,1.88 ± 0.88,31.2 ± 21.9,0.408 ± 0.162,21.1 ± 21.0,20.61 ± 1.80,22.12 ± 1.30,0.445 ± 0.062,316.08,20.53
OCSD (đề xuất),46.2 ± 18.2,2.00 ± 0.84,25.0 ± 21.9,0.376 ± 0.164,21.1 ± 21.0,20.18 ± 1.93,21.99 ± 1.17,0.458 ± 0.076,315.05,18.98
"OCSD-v2 (joint trajectory, training-free)",50.4 ± 17.4,2.12 ± 0.97,18.8 ± 18.8,0.361 ± 0.139,14.4 ± 14.6,23.60 ± 1.40,21.98 ± 1.67,0.434 ± 0.090,296.68,8.20
