ref,method,metric,n,mean_ref,mean_other,diff,p,p_holm
ocsd,cn_energy,opr,16,0.5141369047619048,0.40625,0.10788690476190477,0.15862707327892978,0.9517624396735787
ocsd,cn_energy,oce_c,16,2.0,2.5,-0.5,0.0760216543520385,0.5321515804642696
ocsd,cn_energy,miou,16,0.3921879176029248,0.29737421187258284,0.09481370573034198,0.1205902064727928,0.7235412388367568
ocsd,cn_energy,ra,12,0.20833333333333334,0.08532146057347671,0.12301187275985663,0.1875,1.0
ocsd,cn_energy,obj_clip,16,21.846068501472473,21.743823647499084,0.10224485397338867,0.596588134765625,1.0
ocsd,cn_region,opr,16,0.5141369047619048,0.4375,0.07663690476190477,0.2371712142425937,1.0
ocsd,cn_region,oce_c,16,2.0,2.125,-0.125,0.6667959281445014,1.0
ocsd,cn_region,miou,16,0.3921879176029248,0.3708705645707424,0.021317353032182407,0.641437185469091,1.0
ocsd,cn_region,ra,12,0.20833333333333334,0.13541666666666666,0.07291666666666669,0.75,1.0
ocsd,cn_region,obj_clip,16,21.846068501472473,21.398216724395752,0.4478517770767212,0.632171630859375,1.0
ocsd,controlnet,opr,16,0.5141369047619048,0.35416666666666663,0.15997023809523814,0.031174780561346517,0.2805730250521187
ocsd,controlnet,oce_c,16,2.0,2.625,-0.625,0.0760216543520385,0.5321515804642696
ocsd,controlnet,miou,16,0.3921879176029248,0.306128072879951,0.08605984472297384,0.2549726502831351,1.0
ocsd,controlnet,ra,12,0.20833333333333334,0.1015625,0.10677083333333334,0.25,1.0
ocsd,controlnet,obj_clip,16,21.846068501472473,20.665310263633728,1.1807582378387451,0.129730224609375,0.908111572265625
ocsd,controlnet_bo3,opr,16,0.5141369047619048,0.33854166666666663,0.17559523809523814,0.03584044882518128,0.2805730250521187
ocsd,controlnet_bo3,oce_c,16,2.0,2.625,-0.625,0.04219430611997415,0.3794263809104718
ocsd,controlnet_bo3,miou,16,0.3921879176029248,0.2932847513952811,0.09890316620764372,0.2549726502831351,1.0
ocsd,controlnet_bo3,ra,12,0.20833333333333334,0.09660618279569892,0.11172715053763442,0.25,1.0
ocsd,controlnet_bo3,obj_clip,16,21.846068501472473,20.96256673336029,0.8835017681121826,0.231201171875,1.0
ocsd,gligen,opr,16,0.5141369047619048,0.5141369047619048,0.0,1.0,1.0
ocsd,gligen,oce_c,16,2.0,1.875,0.125,0.8729594252880423,1.0
ocsd,gligen,miou,16,0.3921879176029248,0.441445558296794,-0.049257640693869176,0.3007308561486002,1.0
ocsd,gligen,ra,12,0.20833333333333334,0.23304771505376343,-0.024714381720430084,0.5,1.0
ocsd,gligen,obj_clip,16,21.846068501472473,21.556220293045044,0.2898482084274292,0.433197021484375,1.0
ocsd,ocsd_lite,opr,16,0.5141369047619048,0.4776785714285714,0.03645833333333337,0.7198724857782463,1.0
ocsd,ocsd_lite,oce_c,16,2.0,2.0625,-0.0625,0.7267099897555342,1.0
ocsd,ocsd_lite,miou,16,0.3921879176029248,0.3644219902450825,0.027765927357842335,0.04926997046675566,0.39415976373404527
ocsd,ocsd_lite,ra,12,0.20833333333333334,0.21935483870967742,-0.011021505376344082,0.5,1.0
ocsd,ocsd_lite,obj_clip,16,21.846068501472473,21.84762477874756,-0.0015562772750854492,0.820892333984375,1.0
ocsd,real,opr,16,0.5141369047619048,0.5505952380952381,-0.03645833333333337,0.6390863119224048,1.0
ocsd,real,oce_c,16,2.0,1.875,0.125,0.9363106533858367,1.0
ocsd,real,miou,16,0.3921879176029248,0.48392446062360095,-0.09173654302067613,0.013003198458418432,0.1170287861257659
ocsd,real,ra,12,0.20833333333333334,0.2795698924731183,-0.07123655913978497,0.5,1.0
ocsd,real,obj_clip,16,21.846068501472473,21.021503746509552,0.8245647549629211,0.09344482421875,0.84100341796875
ocsd,t2i_adapter,opr,16,0.5141369047619048,0.35416666666666663,0.15997023809523814,0.031174780561346517,0.2805730250521187
ocsd,t2i_adapter,oce_c,16,2.0,2.625,-0.625,0.042158486767830204,0.3794263809104718
ocsd,t2i_adapter,miou,16,0.3921879176029248,0.2969174322850625,0.09527048531786231,0.08772337187182215,0.6140636031027551
ocsd,t2i_adapter,ra,12,0.20833333333333334,0.11979166666666667,0.08854166666666667,0.5,1.0
ocsd,t2i_adapter,obj_clip,16,21.846068501472473,21.55944186449051,0.2866266369819641,0.104583740234375,0.84100341796875
ocsd,zhang2025,opr,16,0.5141369047619048,0.4947916666666667,0.019345238095238082,1.0,1.0
ocsd,zhang2025,oce_c,16,2.0,2.5,-0.5,0.09594732923482384,0.5321515804642696
ocsd,zhang2025,miou,16,0.3921879176029248,0.3688378643712329,0.023350053231691925,0.6048534511043099,1.0
ocsd,zhang2025,ra,12,0.20833333333333334,0.1485215053763441,0.05981182795698925,1.0,1.0
ocsd,zhang2025,obj_clip,16,21.846068501472473,22.000814199447632,-0.1547456979751587,0.93988037109375,1.0
