method,count_bin,n_scenes,opr,opr_lo,opr_hi,oce,oce_lo,oce_hi,oce_c,oce_c_lo,oce_c_hi,count_acc,count_acc_lo,count_acc_hi,miou,miou_lo,miou_hi,ra,ra_lo,ra_hi,clip,clip_lo,clip_hi,obj_clip,obj_clip_lo,obj_clip_hi,id_sim,id_sim_lo,id_sim_hi
cn_energy,1,1,1.0,1.0,1.0,6.0,6.0,6.0,6.0,6.0,6.0,0.0,0.0,0.0,0.6869749429068057,0.6869749429068057,0.6869749429068057,,,,18.128793716430664,18.128793716430664,18.128793716430664,26.823780059814453,26.823780059814453,26.823780059814453,,,
cn_energy,2-3,1,0.5,0.5,0.5,1.0,1.0,1.0,1.0,1.0,1.0,0.0,0.0,0.0,0.4407557814227298,0.4407557814227298,0.4407557814227298,0.0,0.0,0.0,24.013134002685547,24.013134002685547,24.013134002685547,21.68724250793457,21.68724250793457,21.68724250793457,,,
cn_energy,4-5,1,0.5,0.5,0.5,0.0,0.0,0.0,2.0,2.0,2.0,0.0,0.0,0.0,0.395049346966323,0.395049346966323,0.395049346966323,0.0833333333333333,0.0833333333333333,0.0833333333333333,28.611072540283203,28.611072540283203,28.611072540283203,21.83989715576172,21.83989715576172,21.83989715576172,,,
cn_energy,6-8,1,0.3333333333333333,0.3333333333333333,0.3333333333333333,3.0,3.0,3.0,5.0,5.0,5.0,0.0,0.0,0.0,0.2078258576267138,0.2078258576267138,0.2078258576267138,0.0689655172413793,0.0689655172413793,0.0689655172413793,22.22813606262207,22.22813606262207,22.22813606262207,21.300893783569336,21.300893783569336,21.300893783569336,,,
cn_region,1,1,0.0,0.0,0.0,1.0,1.0,1.0,1.0,1.0,1.0,0.0,0.0,0.0,0.0,0.0,0.0,,,,14.140971183776855,14.140971183776855,14.140971183776855,17.31367301940918,17.31367301940918,17.31367301940918,,,
cn_region,2-3,1,0.5,0.5,0.5,1.0,1.0,1.0,1.0,1.0,1.0,0.0,0.0,0.0,0.4746419371852086,0.4746419371852086,0.4746419371852086,0.0,0.0,0.0,23.752391815185547,23.752391815185547,23.752391815185547,21.895904541015625,21.895904541015625,21.895904541015625,,,
cn_region,4-5,1,0.5,0.5,0.5,1.0,1.0,1.0,1.0,1.0,1.0,0.0,0.0,0.0,0.2996187292226941,0.2996187292226941,0.2996187292226941,0.0833333333333333,0.0833333333333333,0.0833333333333333,27.8488883972168,27.8488883972168,27.8488883972168,19.819215774536133,19.819215774536133,19.819215774536133,,,
cn_region,6-8,1,0.1666666666666666,0.1666666666666666,0.1666666666666666,3.0,3.0,3.0,5.0,5.0,5.0,0.0,0.0,0.0,0.0497506570951322,0.0497506570951322,0.0497506570951322,0.0,0.0,0.0,13.796049118041992,13.796049118041992,13.796049118041992,21.677892684936523,21.677892684936523,21.677892684936523,,,
controlnet,1,1,1.0,1.0,1.0,0.0,0.0,0.0,0.0,0.0,0.0,1.0,1.0,1.0,0.7026879768014671,0.7026879768014671,0.7026879768014671,,,,25.110876083374023,25.110876083374023,25.110876083374023,27.540212631225582,27.540212631225582,27.540212631225582,,,
controlnet,2-3,1,0.0,0.0,0.0,2.0,2.0,2.0,2.0,2.0,2.0,0.0,0.0,0.0,0.0,0.0,0.0,0.0,0.0,0.0,26.23256492614746,26.23256492614746,26.23256492614746,19.68403625488281,19.68403625488281,19.68403625488281,,,
controlnet,4-5,1,0.5,0.5,0.5,2.0,2.0,2.0,2.0,2.0,2.0,0.0,0.0,0.0,0.27967652797847,0.27967652797847,0.27967652797847,0.0833333333333333,0.0833333333333333,0.0833333333333333,27.697118759155277,27.697118759155277,27.697118759155277,17.911041259765625,17.911041259765625,17.911041259765625,,,
controlnet,6-8,1,0.0,0.0,0.0,6.0,6.0,6.0,6.0,6.0,6.0,0.0,0.0,0.0,0.0,0.0,0.0,0.0,0.0,0.0,28.042957305908203,28.042957305908203,28.042957305908203,17.153717041015625,17.153717041015625,17.153717041015625,,,
controlnet_bo3,1,1,1.0,1.0,1.0,0.0,0.0,0.0,0.0,0.0,0.0,1.0,1.0,1.0,0.6828060855781738,0.6828060855781738,0.6828060855781738,,,,22.4710693359375,22.4710693359375,22.4710693359375,26.813194274902344,26.813194274902344,26.813194274902344,,,
controlnet_bo3,2-3,1,0.0,0.0,0.0,2.0,2.0,2.0,2.0,2.0,2.0,0.0,0.0,0.0,0.0,0.0,0.0,0.0,0.0,0.0,26.23256492614746,26.23256492614746,26.23256492614746,19.68403625488281,19.68403625488281,19.68403625488281,,,
controlnet_bo3,4-5,1,0.5,0.5,0.5,2.0,2.0,2.0,2.0,2.0,2.0,0.0,0.0,0.0,0.27967652797847,0.27967652797847,0.27967652797847,0.0833333333333333,0.0833333333333333,0.0833333333333333,27.697118759155277,27.697118759155277,27.697118759155277,17.911041259765625,17.911041259765625,17.911041259765625,,,
controlnet_bo3,6-8,1,0.0,0.0,0.0,6.0,6.0,6.0,6.0,6.0,6.0,0.0,0.0,0.0,0.0,0.0,0.0,0.0,0.0,0.0,28.042957305908203,28.042957305908203,28.042957305908203,17.153717041015625,17.153717041015625,17.153717041015625,,,
gligen,1,1,1.0,1.0,1.0,1.0,1.0,1.0,1.0,1.0,1.0,0.0,0.0,0.0,0.8478143204562634,0.8478143204562634,0.8478143204562634,,,,26.055082321166992,26.055082321166992,26.055082321166992,25.71554183959961,25.71554183959961,25.71554183959961,,,
gligen,2-3,1,0.5,0.5,0.5,1.0,1.0,1.0,1.0,1.0,1.0,0.0,0.0,0.0,0.3890135187693531,0.3890135187693531,0.3890135187693531,0.0,0.0,0.0,23.63797378540039,23.63797378540039,23.63797378540039,19.38762855529785,19.38762855529785,19.38762855529785,,,
gligen,4-5,1,0.75,0.75,0.75,1.0,1.0,1.0,1.0,1.0,1.0,0.0,0.0,0.0,0.6021187941847962,0.6021187941847962,0.6021187941847962,0.4166666666666667,0.4166666666666667,0.4166666666666667,28.1606559753418,28.1606559753418,28.1606559753418,22.009326934814453,22.009326934814453,22.009326934814453,,,
gligen,6-8,1,0.3333333333333333,0.3333333333333333,0.3333333333333333,2.0,2.0,2.0,4.0,4.0,4.0,0.0,0.0,0.0,0.3014895498344607,0.3014895498344607,0.3014895498344607,0.1034482758620689,0.1034482758620689,0.1034482758620689,35.918296813964844,35.918296813964844,35.918296813964844,21.146514892578125,21.146514892578125,21.146514892578125,,,
ocsd,1,1,1.0,1.0,1.0,0.0,0.0,0.0,0.0,0.0,0.0,1.0,1.0,1.0,0.6026633031680834,0.6026633031680834,0.6026633031680834,,,,13.178647994995115,13.178647994995115,13.178647994995115,21.402576446533203,21.402576446533203,21.402576446533203,0.5019046068191528,0.5019046068191528,0.5019046068191528
ocsd,2-3,1,0.5,0.5,0.5,1.0,1.0,1.0,1.0,1.0,1.0,0.0,0.0,0.0,0.4497939711695295,0.4497939711695295,0.4497939711695295,0.0,0.0,0.0,21.34125518798828,21.34125518798828,21.34125518798828,17.91524887084961,17.91524887084961,17.91524887084961,0.3238291144371032,0.3238291144371032,0.3238291144371032
ocsd,4-5,1,0.5,0.5,0.5,1.0,1.0,1.0,3.0,3.0,3.0,0.0,0.0,0.0,0.3158819590784498,0.3158819590784498,0.3158819590784498,0.1666666666666666,0.1666666666666666,0.1666666666666666,27.399852752685547,27.399852752685547,27.399852752685547,21.37995147705078,21.37995147705078,21.37995147705078,0.2857413291931152,0.2857413291931152,0.2857413291931152
ocsd,6-8,1,0.8333333333333334,0.8333333333333334,0.8333333333333334,1.0,1.0,1.0,1.0,1.0,1.0,0.0,0.0,0.0,0.527535287738588,0.527535287738588,0.527535287738588,0.6551724137931034,0.6551724137931034,0.6551724137931034,19.303911209106445,19.303911209106445,19.303911209106445,23.309415817260746,23.309415817260746,23.309415817260746,0.4002235829830169,0.4002235829830169,0.4002235829830169
ocsd_lite,1,1,1.0,1.0,1.0,0.0,0.0,0.0,0.0,0.0,0.0,1.0,1.0,1.0,0.5671555771878507,0.5671555771878507,0.5671555771878507,,,,14.217719078063965,14.217719078063965,14.217719078063965,25.54611015319824,25.54611015319824,25.54611015319824,0.2527533173561096,0.2527533173561096,0.2527533173561096
ocsd_lite,2-3,1,0.5,0.5,0.5,1.0,1.0,1.0,1.0,1.0,1.0,0.0,0.0,0.0,0.3733590295846301,0.3733590295846301,0.3733590295846301,0.0,0.0,0.0,23.207918167114254,23.207918167114254,23.207918167114254,21.469696044921875,21.469696044921875,21.469696044921875,0.1998715996742248,0.1998715996742248,0.1998715996742248
ocsd_lite,4-5,1,0.5,0.5,0.5,1.0,1.0,1.0,3.0,3.0,3.0,0.0,0.0,0.0,0.3318980848105122,0.3318980848105122,0.3318980848105122,0.1666666666666666,0.1666666666666666,0.1666666666666666,24.545265197753903,24.545265197753903,24.545265197753903,21.21417808532715,21.21417808532715,21.21417808532715,0.2344478964805603,0.2344478964805603,0.2344478964805603
ocsd_lite,6-8,1,0.6666666666666666,0.6666666666666666,0.6666666666666666,1.0,1.0,1.0,1.0,1.0,1.0,0.0,0.0,0.0,0.4774994059701838,0.4774994059701838,0.4774994059701838,0.4137931034482758,0.4137931034482758,0.4137931034482758,16.421375274658203,16.421375274658203,16.421375274658203,22.84050750732422,22.84050750732422,22.84050750732422,0.223423957824707,0.223423957824707,0.223423957824707
t2i_adapter,1,1,1.0,1.0,1.0,1.0,1.0,1.0,1.0,1.0,1.0,0.0,0.0,0.0,0.1224620807602571,0.1224620807602571,0.1224620807602571,,,,23.42397117614746,23.42397117614746,23.42397117614746,18.96548843383789,18.96548843383789,18.96548843383789,,,
t2i_adapter,2-3,1,0.0,0.0,0.0,2.0,2.0,2.0,2.0,2.0,2.0,0.0,0.0,0.0,0.0,0.0,0.0,0.0,0.0,0.0,25.91192054748535,25.91192054748535,25.91192054748535,19.508264541625977,19.508264541625977,19.508264541625977,,,
t2i_adapter,4-5,1,0.25,0.25,0.25,2.0,2.0,2.0,2.0,2.0,2.0,0.0,0.0,0.0,0.1713976052655836,0.1713976052655836,0.1713976052655836,0.0,0.0,0.0,27.82220268249512,27.82220268249512,27.82220268249512,15.461374282836914,15.461374282836914,15.461374282836914,,,
t2i_adapter,6-8,1,0.0,0.0,0.0,5.0,5.0,5.0,5.0,5.0,5.0,0.0,0.0,0.0,0.0,0.0,0.0,0.0,0.0,0.0,28.797718048095703,28.797718048095703,28.797718048095703,18.060516357421875,18.060516357421875,18.060516357421875,,,
zhang2025,1,1,1.0,1.0,1.0,0.0,0.0,0.0,0.0,0.0,0.0,1.0,1.0,1.0,0.1003807337555302,0.1003807337555302,0.1003807337555302,,,,18.391191482543945,18.391191482543945,18.391191482543945,23.168140411376957,23.168140411376957,23.168140411376957,0.3364924788475036,0.3364924788475036,0.3364924788475036
zhang2025,2-3,1,0.5,0.5,0.5,0.0,0.0,0.0,2.0,2.0,2.0,0.0,0.0,0.0,0.4443520055510375,0.4443520055510375,0.4443520055510375,0.0,0.0,0.0,18.530229568481445,18.530229568481445,18.530229568481445,20.805633544921875,20.805633544921875,20.805633544921875,0.4273107647895813,0.4273107647895813,0.4273107647895813
zhang2025,4-5,1,0.0,0.0,0.0,1.0,1.0,1.0,1.0,1.0,1.0,0.0,0.0,0.0,0.0,0.0,0.0,0.0,0.0,0.0,28.54353141784668,28.54353141784668,28.54353141784668,17.60797882080078,17.60797882080078,17.60797882080078,0.1441685557365417,0.1441685557365417,0.1441685557365417
zhang2025,6-8,1,0.3333333333333333,0.3333333333333333,0.3333333333333333,3.0,3.0,3.0,3.0,3.0,3.0,0.0,0.0,0.0,0.2243467365977491,0.2243467365977491,0.2243467365977491,0.0689655172413793,0.0689655172413793,0.0689655172413793,19.165122985839844,19.165122985839844,19.165122985839844,20.815534591674805,20.815534591674805,20.815534591674805,0.3043098151683807,0.3043098151683807,0.3043098151683807
