method,sid,seed,split,n_obj,count_bin,complexity,opr,oce,oce_c,count_acc,miou,ra,ra_cond,miou_matched,n_gen,n_preserved,missing,clip,obj_clip,id_sim,time_s,m2_s,m3_s,tries,peak_gb
collage_bo3,qd_1_complex_003,0,quickdraw,1,1,complex,1.0,0,0,1.0,0.5209607517088173,,,0.5209607517088173,1,1,,20.478113174438477,22.290966033935547,0.7234042882919312,2.8745994567871094,2.795649290084839,,1,12.233494281768799
collage_bo3,qd_1_complex_004,0,quickdraw,1,1,complex,1.0,0,0,1.0,0.8364999426540205,,,0.8364999426540205,1,1,,28.87164306640625,27.062923431396484,0.8475155234336853,2.878857135772705,2.8181850910186768,,1,12.233494281768799
collage_bo3,qd_1_complex_005,0,quickdraw,1,1,complex,1.0,0,0,1.0,0.6219045893111254,,,0.6219045893111254,1,1,,22.52861213684082,26.62881088256836,0.5148074626922607,2.9031410217285156,2.753880500793457,,1,12.233494281768799
collage_bo3,qd_1_complex_005,1,quickdraw,1,1,complex,1.0,0,0,1.0,0.49319826081237794,,,0.49319826081237794,1,1,,19.13975715637207,23.44403648376465,0.6831461191177368,2.850425958633423,2.7430262565612793,,1,12.233494281768799
collage_bo3,qd_1_complex_006,0,quickdraw,1,1,complex,1.0,0,0,1.0,0.901097458581474,,,0.901097458581474,1,1,,24.154394149780273,21.965560913085938,0.469078004360199,5.640253782272339,2.794968366622925,,2,12.233494281768799
collage_bo3,qd_1_complex_006,1,quickdraw,1,1,complex,1.0,0,0,1.0,0.6987732775021049,,,0.6987732775021049,1,1,,19.81615447998047,21.567157745361328,0.5234140753746033,2.809528350830078,2.73829984664917,,1,12.233494281768799
collage_bo3,qd_1_complex_007,0,quickdraw,1,1,complex,1.0,0,0,1.0,0.7683000509689922,,,0.7683000509689922,1,1,,32.55325698852539,29.325029373168945,0.5802705883979797,2.823376417160034,2.7935895919799805,,1,12.233494281768799
collage_bo3,qd_1_complex_008,0,quickdraw,1,1,complex,1.0,0,0,1.0,0.8413054987163644,,,0.8413054987163644,1,1,,18.680465698242188,22.04340171813965,0.6748250126838684,2.900956630706787,2.815640449523926,,1,12.235214710235596
collage_bo3,qd_1_complex_008,1,quickdraw,1,1,complex,1.0,0,0,1.0,0.857843747462784,,,0.857843747462784,1,1,,23.35732650756836,24.21987533569336,0.6562128067016602,2.8734633922576904,2.7322301864624023,,1,12.235214710235596
collage_bo3,qd_1_medium_003,0,quickdraw,1,1,medium,1.0,0,0,1.0,0.9192071462734999,,,0.9192071462734999,1,1,,26.74462127685547,25.549131393432617,0.640792965888977,2.8657469749450684,2.78886342048645,,1,12.233494281768799
collage_bo3,qd_1_medium_003,1,quickdraw,1,1,medium,1.0,0,0,1.0,0.8768543371488863,,,0.8768543371488863,1,1,,27.540725708007812,26.567750930786133,0.7781767249107361,2.860645055770874,2.747893810272217,,1,12.233494281768799
collage_bo3,qd_1_medium_004,0,quickdraw,1,1,medium,1.0,0,0,1.0,0.6448298427387967,,,0.6448298427387967,1,1,,27.864044189453125,28.250703811645508,0.8923633098602295,2.894162178039551,2.7850496768951416,,1,12.233494281768799
collage_bo3,qd_1_medium_004,1,quickdraw,1,1,medium,1.0,0,0,1.0,0.2809900095989611,,,0.2809900095989611,1,1,,25.283857345581055,26.5462703704834,0.8292204141616821,2.8887410163879395,2.769261598587036,,1,12.233494281768799
collage_bo3,qd_1_medium_005,0,quickdraw,1,1,medium,1.0,1,1,0.0,0.9030116601602828,,,0.9030116601602828,2,1,,22.458829879760742,19.675180435180664,0.6391057968139648,2.9533698558807373,2.8050830364227295,,1,12.233494281768799
collage_bo3,qd_1_medium_005,1,quickdraw,1,1,medium,1.0,0,0,1.0,0.7436044985856529,,,0.7436044985856529,1,1,,23.515567779541016,26.539398193359375,0.8675826191902161,5.863185405731201,2.8276798725128174,,2,12.233494281768799
collage_bo3,qd_1_medium_006,0,quickdraw,1,1,medium,1.0,0,0,1.0,0.7568413499961814,,,0.7568413499961814,1,1,,27.406204223632812,26.03675079345703,0.5901786088943481,2.8529090881347656,2.7931771278381348,,1,12.233494281768799
collage_bo3,qd_1_medium_007,0,quickdraw,1,1,medium,1.0,0,0,1.0,0.8592657173085719,,,0.8592657173085719,1,1,,27.180490493774414,28.950742721557617,0.5933462381362915,2.945943593978882,2.7940258979797363,,1,12.233494281768799
collage_bo3,qd_1_medium_008,0,quickdraw,1,1,medium,1.0,0,0,1.0,0.8678993513694886,,,0.8678993513694886,1,1,,27.44337272644043,29.134225845336914,0.6124310493469238,2.824338436126709,2.823596477508545,,1,12.233494281768799
collage_bo3,qd_1_simple_003,0,quickdraw,1,1,simple,1.0,0,0,1.0,0.8944824689956876,,,0.8944824689956876,1,1,,31.1595401763916,27.446699142456055,0.5539233684539795,2.897891044616699,2.8058876991271973,,1,12.233494281768799
collage_bo3,qd_1_simple_004,0,quickdraw,1,1,simple,1.0,0,0,1.0,0.8280028057312608,,,0.8280028057312608,1,1,,25.577735900878906,32.276100158691406,0.6430786848068237,5.611215114593506,2.8062896728515625,,2,12.233494281768799
collage_bo3,qd_1_simple_005,0,quickdraw,1,1,simple,1.0,0,0,1.0,0.4858642097813403,,,0.4858642097813403,1,1,,21.466028213500977,25.729251861572266,0.7273160815238953,2.9301018714904785,2.8055620193481445,,1,12.233494281768799
collage_bo3,qd_1_simple_005,1,quickdraw,1,1,simple,1.0,0,0,1.0,0.7673434582997304,,,0.7673434582997304,1,1,,25.90060806274414,23.708105087280273,0.8068074584007263,5.596973419189453,2.7869091033935547,,2,12.233494281768799
collage_bo3,qd_1_simple_006,0,quickdraw,1,1,simple,1.0,0,0,1.0,0.7685856161048418,,,0.7685856161048418,1,1,,27.594501495361328,29.857202529907227,0.48754483461380005,2.9539496898651123,2.825427532196045,,1,12.235223293304443
collage_bo3,qd_1_simple_007,0,quickdraw,1,1,simple,1.0,0,0,1.0,0.9398550257214899,,,0.9398550257214899,1,1,,27.127849578857422,25.781757354736328,0.7038252353668213,2.902902603149414,2.806150197982788,,1,12.233494281768799
collage_bo3,qd_1_simple_007,1,quickdraw,1,1,simple,1.0,0,0,1.0,0.8565395962626546,,,0.8565395962626546,1,1,,20.322126388549805,29.203813552856445,0.6252895593643188,3.018031358718872,2.77264666557312,,1,12.233494281768799
collage_bo3,qd_1_simple_008,0,quickdraw,1,1,simple,1.0,0,0,1.0,0.7673013578929272,,,0.7673013578929272,1,1,,21.22328758239746,28.091064453125,0.8051503896713257,2.9347121715545654,2.784165620803833,,1,12.233494281768799
collage_bo3,qd_1_simple_008,1,quickdraw,1,1,simple,1.0,0,0,1.0,0.8643944912628018,,,0.8643944912628018,1,1,,25.185441970825195,24.934560775756836,0.8081544637680054,2.927968740463257,2.8008885383605957,,1,12.233494281768799
collage_bo3,qd_3_complex_003,0,quickdraw,3,3,complex,1.0,3,3,0.0,0.7441380565042133,1.0,1.0,0.7441380565042133,6,3,,39.56733703613281,26.8348445892334,0.5592632293701172,8.568100690841675,8.401080846786499,,3,12.237802028656006
collage_bo3,qd_3_complex_004,0,quickdraw,3,3,complex,1.0,0,0,1.0,0.7542813735729763,1.0,1.0,0.7542813735729763,3,3,,30.4755859375,25.903837203979492,0.43797141313552856,3.041564702987671,8.343657493591309,,1,12.235223293304443
collage_bo3,qd_3_complex_004,1,quickdraw,3,3,complex,0.6666666666666666,0,0,1.0,0.5244272007558916,0.375,1.0,0.7866408011338374,3,2,sheep,28.290224075317383,24.244768142700195,0.42004966735839844,8.601287603378296,8.255183219909668,,3,12.235223293304443
collage_bo3,qd_3_complex_005,0,quickdraw,3,3,complex,0.6666666666666666,1,1,0.0,0.48631274192234103,0.3333333333333333,1.0,0.7294691128835116,2,2,truck,32.39989471435547,23.736108779907227,0.5897917747497559,3.0571136474609375,8.335995197296143,,1,12.237802028656006
collage_bo3,qd_3_complex_005,1,quickdraw,3,3,complex,1.0,3,3,0.0,0.7805556431145702,1.0,1.0,0.7805556431145702,6,3,,30.709856033325195,25.695480346679688,0.4775148034095764,5.871374130249023,8.312892436981201,,2,12.237802028656006
collage_bo3,qd_3_complex_006,0,quickdraw,3,3,complex,1.0,0,0,1.0,0.636258948264613,0.8571428571428571,0.8571428571428571,0.636258948264613,3,3,,28.96454620361328,20.418123245239258,0.4174492359161377,8.622441053390503,8.421345710754395,,3,12.233494281768799
collage_bo3,qd_3_complex_007,0,quickdraw,3,3,complex,1.0,1,1,0.0,0.7802358577684537,1.0,1.0,0.7802358577684537,4,3,,30.927837371826172,22.52741241455078,0.5021284818649292,8.62987232208252,8.355000972747803,,3,12.237802028656006
collage_bo3,qd_3_complex_008,0,quickdraw,3,3,complex,1.0,0,0,1.0,0.7923802133687633,1.0,1.0,0.7923802133687633,3,3,,30.44344711303711,24.520845413208008,0.45674794912338257,3.008861541748047,8.395395517349243,,1,12.237802028656006
collage_bo3,qd_3_complex_008,1,quickdraw,3,3,complex,0.6666666666666666,1,3,0.0,0.3096745369882829,0.3333333333333333,1.0,0.4645118054824243,4,2,chair,32.40395736694336,24.877824783325195,0.5087334513664246,8.547087907791138,8.242825031280518,,3,12.237802028656006
collage_bo3,qd_3_medium_003,0,quickdraw,3,3,medium,0.6666666666666666,0,2,0.0,0.5282135763214129,0.3333333333333333,1.0,0.7923203644821193,3,2,bus,27.95807647705078,26.152099609375,0.4375443160533905,8.788578510284424,8.381980419158936,,3,12.235223293304443
collage_bo3,qd_3_medium_004,0,quickdraw,3,3,medium,0.6666666666666666,1,1,0.0,0.4941937337549347,0.3333333333333333,1.0,0.741290600632402,2,2,rabbit,27.2647705078125,23.888830184936523,0.5146040916442871,8.564045429229736,8.418763399124146,,3,12.235223293304443
collage_bo3,qd_3_medium_005,0,quickdraw,3,3,medium,1.0,1,1,0.0,0.8116324985994687,1.0,1.0,0.8116324985994687,4,3,,36.748252868652344,25.75596809387207,0.4643821120262146,5.836315631866455,8.382506370544434,,2,12.235223293304443
collage_bo3,qd_3_medium_006,0,quickdraw,3,3,medium,1.0,0,0,1.0,0.7689737224502552,1.0,1.0,0.7689737224502552,3,3,,30.030670166015625,31.173933029174805,0.4438771605491638,3.150928258895874,8.41441535949707,,1,12.233494281768799
collage_bo3,qd_3_medium_006,1,quickdraw,3,3,medium,1.0,0,0,1.0,0.7708578518117681,1.0,1.0,0.7708578518117681,3,3,,30.24734878540039,31.45363426208496,0.6843156814575195,3.037994146347046,8.216436624526978,,1,12.233494281768799
collage_bo3,qd_3_medium_007,0,quickdraw,3,3,medium,0.6666666666666666,0,2,0.0,0.5429136148766295,0.2857142857142857,1.0,0.8143704223149443,3,2,dog,32.032901763916016,22.06916046142578,0.5354537963867188,8.576714038848877,8.328348159790039,,3,12.235223293304443
collage_bo3,qd_3_medium_007,1,quickdraw,3,3,medium,0.6666666666666666,0,2,0.0,0.4747534109357909,0.2857142857142857,1.0,0.7121301164036863,3,2,dog,32.3170280456543,23.984939575195312,0.4748832881450653,8.528707027435303,8.26900029182434,,3,12.235223293304443
collage_bo3,qd_3_medium_008,0,quickdraw,3,3,medium,1.0,0,0,1.0,0.8103402010332426,1.0,1.0,0.8103402010332426,3,3,,30.022573471069336,24.175012588500977,0.6550992727279663,2.9906864166259766,8.333867311477661,,1,12.235223293304443
collage_bo3,qd_3_medium_008,1,quickdraw,3,3,medium,1.0,0,0,1.0,0.8332098341097286,1.0,1.0,0.8332098341097286,3,3,,31.22368812561035,26.284387588500977,0.6217528581619263,2.995753049850464,8.22381043434143,,1,12.235223293304443
collage_bo3,qd_3_simple_003,0,quickdraw,3,3,simple,0.6666666666666666,0,2,0.0,0.5267888989330564,0.3333333333333333,1.0,0.7901833483995845,3,2,tree,23.488685607910156,24.52630043029785,0.6188105940818787,8.512130737304688,8.391204595565796,,3,12.235223293304443
collage_bo3,qd_3_simple_004,0,quickdraw,3,3,simple,0.3333333333333333,2,2,0.0,0.28708599608443836,0.0,,0.861257988253315,1,1,car|car,33.91667938232422,24.73463249206543,0.6006307601928711,3.1021671295166016,8.35533332824707,,1,12.235223293304443
collage_bo3,qd_3_simple_004,1,quickdraw,3,3,simple,0.3333333333333333,2,2,0.0,0.2884107471544018,0.0,,0.8652322414632053,1,1,car|car,36.6885986328125,27.486854553222656,0.7229413986206055,8.763607501983643,8.328707218170166,,3,12.235223293304443
collage_bo3,qd_3_simple_005,0,quickdraw,3,3,simple,0.6666666666666666,1,3,0.0,0.3951839443996883,0.4,1.0,0.5927759165995324,4,2,cow,30.971616744995117,25.119386672973633,0.4892845153808594,5.837374687194824,8.351314783096313,,2,12.235223293304443
collage_bo3,qd_3_simple_005,1,quickdraw,3,3,simple,0.6666666666666666,1,1,0.0,0.3990301647869918,0.4,1.0,0.5985452471804877,4,2,cow,31.831926345825195,25.119741439819336,0.4789777398109436,8.593387126922607,8.247976303100586,,3,12.235223293304443
collage_bo3,qd_3_simple_006,0,quickdraw,3,3,simple,0.6666666666666666,1,1,0.0,0.4624559648878171,0.5,1.0,0.6936839473317257,2,2,house,29.590112686157227,22.374374389648438,0.579245924949646,8.5704505443573,8.395190715789795,,3,12.237802028656006
collage_bo3,qd_3_simple_006,1,quickdraw,3,3,simple,0.6666666666666666,2,4,0.0,0.4258070258191176,0.25,1.0,0.6387105387286764,5,2,cow,25.219682693481445,22.32319450378418,0.48387080430984497,8.529463052749634,8.318177223205566,,3,12.237802028656006
collage_bo3,qd_3_simple_007,0,quickdraw,3,3,simple,0.6666666666666666,0,2,0.0,0.4887067308281307,0.4,1.0,0.733060096242196,3,2,tree,22.873809814453125,25.284448623657227,0.6345796585083008,8.645926237106323,8.340934038162231,,3,12.235223293304443
collage_bo3,qd_3_simple_008,0,quickdraw,3,3,simple,1.0,0,0,1.0,0.8784748793564695,1.0,1.0,0.8784748793564695,3,3,,30.135757446289062,23.9932804107666,0.6301913261413574,3.0576090812683105,8.47160005569458,,1,12.235223293304443
collage_bo3,qd_5_complex_003,0,quickdraw,5,5,complex,0.8,1,1,0.0,0.4454126419641732,0.5909090909090909,0.9285714285714286,0.5567658024552165,4,4,chair,22.921875,22.935222625732422,0.4566333293914795,9.19345736503601,14.011244297027588,,3,12.235223293304443
collage_bo3,qd_5_complex_004,0,quickdraw,5,5,complex,0.8,1,3,0.0,0.4429758739885575,0.47058823529411764,1.0,0.5537198424856968,6,4,car,27.131271362304688,22.721784591674805,0.38234734535217285,9.180024862289429,14.012185096740723,,3,12.235223293304443
collage_bo3,qd_5_complex_005,0,quickdraw,5,5,complex,1.0,0,0,1.0,0.6804001946679513,1.0,1.0,0.6804001946679513,5,5,,34.12799072265625,25.922597885131836,0.487253874540329,8.721115589141846,13.919540166854858,,3,12.237802028656006
collage_bo3,qd_5_complex_005,1,quickdraw,5,5,complex,0.8,4,6,0.0,0.4925363526365313,0.6818181818181818,1.0,0.6156704407956641,9,4,chair,25.173906326293945,25.468883514404297,0.39902782440185547,8.688063144683838,13.901259183883667,,3,12.237802028656006
collage_bo3,qd_5_complex_006,0,quickdraw,5,5,complex,0.4,2,2,0.0,0.238722173168428,0.09523809523809523,1.0,0.59680543292107,3,2,truck|bird|bird,25.47469139099121,22.732223510742188,0.31623122096061707,8.801733016967773,13.977726459503174,,3,12.235223293304443
collage_bo3,qd_5_complex_007,0,quickdraw,5,5,complex,0.8,1,1,0.0,0.3952596557141776,0.5833333333333334,0.9333333333333333,0.494074569642722,4,4,umbrella,28.183837890625,23.928747177124023,0.39820244908332825,5.9424967765808105,13.921380281448364,,2,12.237810611724854
collage_bo3,qd_5_complex_007,1,quickdraw,5,5,complex,1.0,1,1,0.0,0.6649523877023855,1.0,1.0,0.6649523877023855,6,5,,32.518978118896484,25.479610443115234,0.35584983229637146,8.720128059387207,13.772213697433472,,3,12.237810611724854
collage_bo3,qd_5_complex_008,0,quickdraw,5,5,complex,0.6,1,5,0.0,0.3698235193324655,0.3157894736842105,1.0,0.6163725322207758,6,3,tree|dog,25.612712860107422,19.435009002685547,0.5080389380455017,8.819059610366821,13.887981176376343,,3,12.237802028656006
collage_bo3,qd_5_complex_008,1,quickdraw,5,5,complex,0.6,0,2,0.0,0.3878525199761266,0.3157894736842105,1.0,0.6464208666268777,5,3,tree|dog,28.254287719726562,20.58807373046875,0.5106436610221863,8.691526412963867,13.661915063858032,,3,12.237802028656006
collage_bo3,qd_5_medium_003,0,quickdraw,5,5,medium,0.8,2,4,0.0,0.6990369935422189,0.5789473684210527,1.0,0.8737962419277736,7,4,dog,28.8248233795166,26.165212631225586,0.5941447615623474,8.604624509811401,13.95327877998352,,3,12.237802028656006
collage_bo3,qd_5_medium_003,1,quickdraw,5,5,medium,1.0,2,2,0.0,0.8066486207687525,1.0,1.0,0.8066486207687525,7,5,,31.85346794128418,26.56831932067871,0.6221124529838562,8.710875988006592,13.66751503944397,,3,12.237802028656006
collage_bo3,qd_5_medium_004,0,quickdraw,5,5,medium,0.0,5,5,0.0,0.0,0.0,,,0,0,tree|tree|tree|tree|tree,23.98474884033203,20.375301361083984,0.3090974986553192,8.835335969924927,13.922300815582275,,3,12.233494281768799
collage_bo3,qd_5_medium_005,0,quickdraw,5,5,medium,0.8,1,1,0.0,0.563008933510156,0.5238095238095238,1.0,0.7037611668876951,4,4,tree,34.06779861450195,23.803287506103516,0.5048786997795105,8.853562593460083,13.966515302658081,,3,12.237802028656006
collage_bo3,qd_5_medium_006,0,quickdraw,5,5,medium,1.0,0,0,1.0,0.8410054234367272,1.0,1.0,0.8410054234367272,5,5,,25.5274600982666,23.232301712036133,0.5896223187446594,5.931727886199951,13.971267938613892,,2,12.233494281768799
collage_bo3,qd_5_medium_006,1,quickdraw,5,5,medium,1.0,0,0,1.0,0.8346777381547081,1.0,1.0,0.8346777381547081,5,5,,23.233213424682617,26.133087158203125,0.5552385449409485,3.229552745819092,13.739033937454224,,1,12.233494281768799
collage_bo3,qd_5_medium_007,0,quickdraw,5,5,medium,0.8,0,2,0.0,0.5146637874881768,0.6111111111111112,0.9166666666666666,0.6433297343602209,5,4,bicycle,29.459959030151367,24.05870819091797,0.4591202735900879,3.1737020015716553,13.995353937149048,,1,12.237802028656006
collage_bo3,qd_5_medium_008,0,quickdraw,5,5,medium,1.0,0,0,1.0,0.8059019155972631,1.0,1.0,0.8059019155972631,5,5,,34.02101516723633,26.73629379272461,0.35297128558158875,3.090639591217041,13.96730089187622,,1,12.237802028656006
collage_bo3,qd_5_medium_008,1,quickdraw,5,5,medium,1.0,1,1,0.0,0.7384345594300147,1.0,1.0,0.7384345594300147,6,5,,31.303607940673828,25.418231964111328,0.3564144968986511,8.638324737548828,13.680110454559326,,3,12.237802028656006
collage_bo3,qd_5_simple_003,0,quickdraw,5,5,simple,0.8,1,1,0.0,0.594312065439522,0.6,1.0,0.7428900817994024,4,4,car,31.43620491027832,26.36697769165039,0.6072439551353455,3.1583876609802246,14.042800903320312,,1,12.237802028656006
collage_bo3,qd_5_simple_004,0,quickdraw,5,5,simple,1.0,0,0,1.0,0.9079508189154583,1.0,1.0,0.9079508189154583,5,5,,28.894054412841797,21.919113159179688,0.5246418714523315,3.0533077716827393,14.007270097732544,,1,12.240403652191162
collage_bo3,qd_5_simple_004,1,quickdraw,5,5,simple,1.0,0,0,1.0,0.8265743728148681,1.0,1.0,0.8265743728148681,5,5,,33.452903747558594,23.629318237304688,0.6457309722900391,3.0955307483673096,13.759647130966187,,1,12.240403652191162
collage_bo3,qd_5_simple_005,0,quickdraw,5,5,simple,0.4,3,3,0.0,0.3173003828643456,0.11764705882352941,1.0,0.7932509571608639,2,2,truck|tree|tree,31.489360809326172,22.82874870300293,0.5102363228797913,8.732185125350952,14.097947835922241,,3,12.240413188934326
collage_bo3,qd_5_simple_006,0,quickdraw,5,5,simple,1.0,0,0,1.0,0.6777105706658622,1.0,1.0,0.6777105706658622,5,5,,28.169580459594727,24.433324813842773,0.44767457246780396,3.1864540576934814,13.98533010482788,,1,12.237810611724854
collage_bo3,qd_5_simple_007,0,quickdraw,5,5,simple,1.0,0,0,1.0,0.6836240709860489,1.0,1.0,0.6836240709860489,5,5,,29.04156494140625,28.849496841430664,0.3946516215801239,8.656388282775879,13.942283391952515,,3,12.236207485198975
collage_bo3,qd_5_simple_007,1,quickdraw,5,5,simple,0.8,1,1,0.0,0.5860541511081896,0.625,1.0,0.7325676888852369,4,4,sailboat,31.2349910736084,27.987279891967773,0.32271578907966614,3.0899853706359863,13.717932224273682,,1,12.236207485198975
collage_bo3,qd_5_simple_008,0,quickdraw,5,5,simple,1.0,0,0,1.0,0.8415296727754505,1.0,1.0,0.8415296727754505,5,5,,35.68117141723633,26.47745704650879,0.6051955223083496,3.1498589515686035,13.950759649276733,,1,12.237802028656006
collage_bo3,qd_5_simple_008,1,quickdraw,5,5,simple,1.0,0,0,1.0,0.8676606197138069,1.0,1.0,0.8676606197138069,5,5,,30.35450553894043,24.73870849609375,0.6402525901794434,3.15474271774292,13.752196073532104,,1,12.237802028656006
collage_bo3,qd_8p_complex_003,0,quickdraw,9,8+,complex,0.7777777777777778,1,1,0.0,0.6350551279968818,0.5714285714285714,1.0,0.8164994502817052,10,7,dog|bear,32.49178695678711,23.400888442993164,0.3847970962524414,8.917547464370728,25.080305337905884,,3,12.240403652191162
collage_bo3,qd_8p_complex_004,0,quickdraw,10,8+,complex,0.4,0,8,0.0,0.3083319105035905,0.14285714285714285,1.0,0.7708297762589762,10,4,tree|bench|sheep|tree|sheep|house,28.30585479736328,21.789897918701172,0.38531315326690674,8.952673435211182,27.811302661895752,,3,12.240413188934326
collage_bo3,qd_8p_complex_005,0,quickdraw,10,8+,complex,0.7,3,3,0.0,0.4766946080479403,0.45121951219512196,1.0,0.6809922972113432,7,7,car|bus|car,34.720489501953125,25.001140594482422,0.37643247842788696,9.378169536590576,27.905754566192627,,3,12.240403652191162
collage_bo3,qd_8p_complex_006,0,quickdraw,8,8+,complex,0.625,1,3,0.0,0.4620562787900916,0.34,1.0,0.7392900460641465,7,5,house|house|traffic light,27.06751823425293,22.27004623413086,0.3579314947128296,8.752994537353516,22.279150247573853,,3,12.244121074676514
collage_bo3,qd_8p_complex_006,1,quickdraw,8,8+,complex,0.375,2,4,0.0,0.2941163717878349,0.1,1.0,0.7843103247675597,6,3,house|fire hydrant|house|motorcycle|traffic light,29.658090591430664,20.677309036254883,0.25377148389816284,8.738393306732178,21.97516965866089,,3,12.244121074676514
collage_bo3,qd_8p_complex_007,0,quickdraw,10,8+,complex,0.7,0,6,0.0,0.4601951163395361,0.4318181818181818,0.9743589743589743,0.6574215947707659,10,7,rabbit|dog|dog,30.351600646972656,22.879776000976562,0.3985470235347748,8.930105209350586,28.00247025489807,,3,12.240413188934326
collage_bo3,qd_8p_complex_007,1,quickdraw,10,8+,complex,1.0,0,0,1.0,0.8084085785777866,1.0,1.0,0.8084085785777866,10,10,,31.545846939086914,24.73154067993164,0.4724951386451721,9.092693328857422,27.424443244934082,,3,12.240413188934326
collage_bo3,qd_8p_complex_008,0,quickdraw,9,8+,complex,0.7777777777777778,0,2,0.0,0.5071495266427163,0.5967741935483871,1.0,0.6520493913977782,9,7,chair|tree,28.570646286010742,26.622121810913086,0.3435172140598297,8.868928909301758,25.170795917510986,,3,12.240413188934326
collage_bo3,qd_8p_complex_008,1,quickdraw,9,8+,complex,0.7777777777777778,2,2,0.0,0.6027987263820955,0.5967741935483871,1.0,0.7750269339198371,7,7,chair|tree,31.575685501098633,27.31730842590332,0.34206342697143555,8.885300874710083,24.688661575317383,,3,12.240413188934326
collage_bo3,qd_8p_medium_003,0,quickdraw,9,8+,medium,0.7777777777777778,1,3,0.0,0.5725362155048982,0.5915492957746479,1.0,0.7361179913634405,8,7,car|car,30.389204025268555,22.18707847595215,0.46163326501846313,8.866369485855103,25.213480472564697,,3,12.237802028656006
collage_bo3,qd_8p_medium_003,1,quickdraw,9,8+,medium,0.5555555555555556,4,4,0.0,0.3569004091203788,0.23943661971830985,1.0,0.6424207364166818,5,5,car|car|bear|bear,29.83948516845703,22.17099952697754,0.4249923527240753,8.879952430725098,24.747431755065918,,3,12.237802028656006
collage_bo3,qd_8p_medium_004,0,quickdraw,9,8+,medium,0.7777777777777778,2,6,0.0,0.5342484779649174,0.5797101449275363,1.0,0.6868909002406081,11,7,chair|tree,30.94658851623535,26.556612014770508,0.35279136896133423,8.781916856765747,25.100888967514038,,3,12.241501331329346
collage_bo3,qd_8p_medium_004,1,quickdraw,9,8+,medium,0.8888888888888888,0,2,0.0,0.626481250233638,0.7681159420289855,1.0,0.7047914065128429,9,8,tree,34.14207077026367,28.088964462280273,0.3769764006137848,8.87496829032898,24.65421414375305,,3,12.241501331329346
collage_bo3,qd_8p_medium_005,0,quickdraw,8,8+,medium,0.75,1,1,0.0,0.5189046170936593,0.5,1.0,0.6918728227915457,7,6,truck|bench,27.155488967895508,22.99282455444336,0.3542068600654602,8.800899505615234,22.31514573097229,,3,12.237802028656006
collage_bo3,qd_8p_medium_005,1,quickdraw,8,8+,medium,0.75,2,2,0.0,0.5845505303597127,0.5555555555555556,1.0,0.7794007071462836,6,6,truck|bus,27.794269561767578,23.844688415527344,0.4130656123161316,8.813726425170898,22.016347885131836,,3,12.237802028656006
collage_bo3,qd_8p_medium_006,0,quickdraw,8,8+,medium,0.5,4,4,0.0,0.4309270546183734,0.22641509433962265,1.0,0.8618541092367468,4,4,truck|truck|truck|truck,28.168407440185547,24.644569396972656,0.3212178945541382,8.821772575378418,22.35801386833191,,3,12.237802028656006
collage_bo3,qd_8p_medium_007,0,quickdraw,10,8+,medium,0.3,7,7,0.0,0.23229412978217395,0.06976744186046512,1.0,0.7743137659405798,3,3,bicycle|bicycle|bicycle|chair|bicycle|dog|tree,34.18555450439453,24.488994598388672,0.3815264403820038,9.365846395492554,27.910513401031494,,3,12.241501331329346
collage_bo3,qd_8p_medium_008,0,quickdraw,9,8+,medium,0.4444444444444444,5,5,0.0,0.2701534458232639,0.11764705882352941,0.8888888888888888,0.6078452531023437,4,4,tree|tree|tree|chair|tree,30.09565544128418,22.792400360107422,0.2945514917373657,9.397242784500122,25.07016158103943,,3,12.241501331329346
collage_bo3,qd_8p_simple_003,0,quickdraw,9,8+,simple,0.7777777777777778,1,5,0.0,0.5826965399312934,0.5909090909090909,1.0,0.7491812656259488,10,7,cat|tree,29.304880142211914,24.056440353393555,0.4138006269931793,8.804287910461426,25.123379230499268,,3,12.240403652191162
collage_bo3,qd_8p_simple_003,1,quickdraw,9,8+,simple,1.0,2,2,0.0,0.7389515946004992,1.0,1.0,0.7389515946004992,11,9,,32.49639892578125,24.252988815307617,0.5256356000900269,8.822055578231812,24.652879238128662,,3,12.240403652191162
collage_bo3,qd_8p_simple_004,0,quickdraw,8,8+,simple,0.875,1,1,0.0,0.5865511441086395,0.7551020408163265,1.0,0.670344164695588,7,7,house,33.26609802246094,25.331668853759766,0.5424054861068726,3.2630679607391357,22.501349210739136,,1,12.235223293304443
collage_bo3,qd_8p_simple_004,1,quickdraw,8,8+,simple,1.0,0,0,1.0,0.817490738556176,1.0,1.0,0.817490738556176,8,8,,33.04926681518555,25.59196662902832,0.6599588394165039,6.024440288543701,22.12834858894348,,2,12.235223293304443
collage_bo3,qd_8p_simple_005,0,quickdraw,9,8+,simple,0.6666666666666666,0,6,0.0,0.5209269322067145,0.40625,1.0,0.7813903983100716,9,6,bear|bear|bear,28.765750885009766,23.87384605407715,0.5914942622184753,8.985252380371094,25.258801460266113,,3,12.237802028656006
collage_bo3,qd_8p_simple_006,0,quickdraw,10,8+,simple,0.7,0,6,0.0,0.5696699614077683,0.4675324675324675,1.0,0.8138142305825261,10,7,bus|bus|airplane,23.959381103515625,23.81658935546875,0.511085033416748,8.925591707229614,27.954092025756836,,3,12.237802028656006
collage_bo3,qd_8p_simple_007,0,quickdraw,9,8+,simple,1.0,0,0,1.0,0.6423874263870482,1.0,1.0,0.6423874263870482,9,9,,27.477115631103516,22.764678955078125,0.42457354068756104,8.913514375686646,25.16878318786621,,3,12.235223293304443
collage_bo3,qd_8p_simple_007,1,quickdraw,9,8+,simple,0.5555555555555556,2,10,0.0,0.35366568944300436,0.265625,1.0,0.6365982409974078,11,5,dog|dog|dog|dog,27.766122817993164,21.61186981201172,0.4496167004108429,8.887521028518677,24.619430780410767,,3,12.235223293304443
collage_bo3,qd_8p_simple_008,0,quickdraw,8,8+,simple,0.875,1,1,0.0,0.5820715653554452,0.7142857142857143,1.0,0.6652246461205088,7,7,bird,27.60479164123535,24.284568786621094,0.5708609819412231,3.3860363960266113,22.36178183555603,,1,12.237802028656006
