method,opr,miou,ra,oce_c,clip,id_sim,score
tune_m5_both_a0.1,0.7135,0.5258,0.5348,1.4062,27.4282,0.4126,1.7742
tune_m5_both_a0.3,0.7135,0.5136,0.5375,1.2812,27.4011,0.3937,1.7647
tune_m5_region_a0.1,0.7073,0.5246,0.53,1.4375,27.0968,0.4294,1.7618
tune_m5_energy_a0.3,0.6823,0.4868,0.4753,1.375,27.0495,0.3853,1.6444
tune_m5_region_a0.3,0.676,0.4868,0.4797,1.5312,27.1782,0.4085,1.6425
tune_m5_energy_a0.4,0.6969,0.4937,0.4465,1.5938,27.4565,0.3841,1.6371
tune_m5_both_a0.4,0.676,0.4834,0.4671,1.6875,27.7906,0.3939,1.6266
tune_m5_energy_a0.1,0.6635,0.4888,0.4543,1.5,27.2077,0.4227,1.6067
tune_m5_both_a0.5,0.6729,0.4561,0.4541,1.4375,27.7222,0.3809,1.5831
tune_m5_both_a0.6,0.6573,0.426,0.4194,1.7188,27.6755,0.3552,1.5027
tune_m5_energy_a0.5,0.6531,0.4322,0.38,1.75,27.3127,0.3526,1.4653
tune_m5_region_a0.4,0.6359,0.4568,0.3372,1.8438,27.3739,0.371,1.43
tune_m5_region_a0.5,0.625,0.4378,0.2964,1.9375,26.8956,0.3526,1.3593
tune_m5_energy_a0.6,0.5917,0.3805,0.3221,1.8438,26.9894,0.3335,1.2942
tune_m5_region_a0.6,0.5052,0.3357,0.2361,2.1875,26.7742,0.2942,1.077
