method,sid,seed,split,n_obj,count_bin,complexity,opr,oce,oce_c,count_acc,miou,ra,n_gen,n_preserved,missing,clip,obj_clip,id_sim,time_s,m2_s,m3_s,tries,peak_gb
tune_a0.2_l0.5,qd_1_complex_001,0,quickdraw,1,1,complex,0.0,1,1,0.0,0.0,,0,0,house,26.92328643798828,21.89796257019043,0.4978006184101105,3.144704580307007,43.094202756881714,38.535536766052246,1,5.189300537109375
tune_a0.2_l0.5,qd_1_complex_001,1,quickdraw,1,1,complex,1.0,0,0,1.0,0.7596180742200075,,1,1,,25.505151748657227,22.60616683959961,0.6552560329437256,6.186911344528198,43.094202756881714,38.535536766052246,2,5.189300537109375
tune_a0.2_l0.5,qd_1_medium_002,0,quickdraw,1,1,medium,1.0,0,0,1.0,0.902089051413517,,1,1,,27.601749420166016,26.576045989990234,0.5413439273834229,3.2764039039611816,2.6963376998901367,36.496846199035645,1,5.191986083984375
tune_a0.2_l0.5,qd_1_medium_002,1,quickdraw,1,1,medium,1.0,0,0,1.0,0.8952660284902471,,1,1,,27.459060668945312,26.811044692993164,0.4836961627006531,3.211115837097168,2.6963376998901367,36.496846199035645,1,5.191986083984375
tune_a0.2_l0.5,qd_1_simple_000,0,quickdraw,1,1,simple,0.0,1,1,0.0,0.0,,0,0,bird,30.950407028198242,30.95531463623047,0.5153173804283142,3.150165319442749,2.685115337371826,36.31403422355652,1,5.191986083984375
tune_a0.2_l0.5,qd_1_simple_000,1,quickdraw,1,1,simple,1.0,0,0,1.0,0.7382793774259493,,1,1,,34.145164489746094,28.163162231445312,0.4206056594848633,3.1965200901031494,2.685115337371826,36.31403422355652,1,5.191986083984375
tune_a0.2_l0.5,qd_3_complex_000,0,quickdraw,3,3,complex,1.0,0,0,1.0,0.6994275702503994,1.0,3,3,,31.6806640625,24.2613525390625,0.30875182151794434,3.1702427864074707,34.99441194534302,36.97913932800293,1,5.192018508911133
tune_a0.2_l0.5,qd_3_complex_000,1,quickdraw,3,3,complex,0.6666666666666666,0,2,0.0,0.4754050829982058,0.2857142857142857,3,2,dog,30.80040740966797,25.177879333496094,0.3982502222061157,9.563708305358887,34.99441194534302,36.97913932800293,3,5.192018508911133
tune_a0.2_l0.5,qd_3_medium_001,0,quickdraw,3,3,medium,1.0,0,0,1.0,0.7816325278991059,1.0,3,3,,30.57636260986328,24.562589645385742,0.48731350898742676,3.199333429336548,18.199126720428467,36.811400413513184,1,5.192018508911133
tune_a0.2_l0.5,qd_3_medium_001,1,quickdraw,3,3,medium,1.0,0,0,1.0,0.6842252457890218,1.0,3,3,,31.268930435180664,26.068161010742188,0.3038061857223511,3.2646565437316895,18.199126720428467,36.811400413513184,1,5.192018508911133
tune_a0.2_l0.5,qd_3_simple_002,0,quickdraw,3,3,simple,1.0,0,0,1.0,0.7906042021214331,1.0,3,3,,31.100399017333984,23.18903923034668,0.5537079572677612,3.2263474464416504,18.261724948883057,37.38126468658447,1,5.192018508911133
tune_a0.2_l0.5,qd_3_simple_002,1,quickdraw,3,3,simple,1.0,1,1,0.0,0.805147294287241,1.0,4,3,,31.306119918823242,25.76532745361328,0.5422107577323914,3.2595319747924805,18.261724948883057,37.38126468658447,1,5.192018508911133
tune_a0.2_l0.5,qd_5_complex_000,0,quickdraw,5,5,complex,0.6,1,1,0.0,0.38363329959884657,0.2631578947368421,4,3,house|bench,25.12834930419922,21.431257247924805,0.1316443383693695,9.726179361343384,30.529069423675537,37.42496156692505,3,5.192050933837891
tune_a0.2_l0.5,qd_5_complex_000,1,quickdraw,5,5,complex,0.4,2,2,0.0,0.30192157366887956,0.10526315789473684,3,2,house|bench|bench,17.134944915771484,20.016305923461914,0.1465684175491333,9.753358364105225,30.529069423675537,37.42496156692505,3,5.192050933837891
tune_a0.2_l0.5,qd_5_medium_001,0,quickdraw,5,5,medium,0.2,4,4,0.0,0.17358001032972487,0.0,1,1,tree|tree|tree|sailboat,19.96556854248047,21.087017059326172,0.2458828240633011,9.75003719329834,30.53466820716858,37.44268083572388,3,5.192050933837891
tune_a0.2_l0.5,qd_5_medium_001,1,quickdraw,5,5,medium,0.2,4,4,0.0,0.12105970621529691,0.0,1,1,tree|tree|tree|sailboat,21.814393997192383,21.886688232421875,0.19213974475860596,9.608756065368652,30.53466820716858,37.44268083572388,3,5.192050933837891
tune_a0.2_l0.5,qd_5_simple_000,0,quickdraw,5,5,simple,0.6,2,2,0.0,0.39185026027047487,0.3,3,3,dog|horse,30.462997436523438,21.212646484375,0.37630507349967957,9.844894647598267,36.17050909996033,37.11493921279907,3,9.173689365386963
tune_a0.2_l0.5,qd_5_simple_000,1,quickdraw,5,5,simple,0.6,2,2,0.0,0.48448024284099533,0.3,3,3,dog|horse,28.68303680419922,21.484325408935547,0.41371622681617737,9.802065372467041,36.17050909996033,37.11493921279907,3,9.173689365386963
tune_a0.2_l0.5,qd_8p_complex_002,0,quickdraw,10,8+,complex,0.0,10,10,0.0,0.0,0.0,0,0,umbrella|cat|dog|umbrella|umbrella|umbrella|teddy bear|teddy bear|teddy bear|umbrella,26.797828674316406,21.13595199584961,0.12654553353786469,9.821816205978394,27.917720079421997,36.9965558052063,3,9.173770427703857
tune_a0.2_l0.5,qd_8p_complex_002,1,quickdraw,10,8+,complex,0.3,7,7,0.0,0.1977363046900051,0.07954545454545454,3,3,umbrella|dog|umbrella|umbrella|teddy bear|teddy bear|umbrella,25.294458389282227,19.79352378845215,0.08043235540390015,9.729182481765747,27.917720079421997,36.9965558052063,3,9.173770427703857
tune_a0.2_l0.5,qd_8p_medium_001,0,quickdraw,10,8+,medium,0.7,3,3,0.0,0.3730611467992261,0.47058823529411764,7,7,chair|dog|cat,27.372222900390625,22.31338882446289,0.15796755254268646,10.005792140960693,28.065565824508667,36.89088559150696,3,9.173770427703857
tune_a0.2_l0.5,qd_8p_medium_001,1,quickdraw,10,8+,medium,0.7,2,4,0.0,0.4558778169019451,0.49411764705882355,8,7,chair|dog|dog,26.408100128173828,22.120288848876953,0.17719465494155884,10.572857856750488,28.065565824508667,36.89088559150696,3,9.173770427703857
tune_a0.2_l0.5,qd_8p_simple_002,0,quickdraw,10,8+,simple,0.6,4,4,0.0,0.3919341079549632,0.35443037974683544,6,6,dog|dog|cat|chair,28.649621963500977,20.09567642211914,0.1934700310230255,9.716634035110474,28.021342039108276,37.001633167266846,3,9.173770427703857
tune_a0.2_l0.5,qd_8p_simple_002,1,quickdraw,10,8+,simple,0.6,3,5,0.0,0.3918450616280368,0.35443037974683544,7,6,dog|dog|cat|chair,27.118120193481445,20.515483856201172,0.19486477971076965,9.702078580856323,28.021342039108276,37.001633167266846,3,9.173770427703857
